Workbook

Sheet DANE_PODSTAWOWE
A1: 1 | B1: 46171 | G1: Instruktor gr 1 | H1: {{instructor_1_name}}
A2: 2 | B2: 46172 | G2: Instruktor gr 2 | H2: {{instructor_2_name}}
A3: 3 | B3: 46173 | G3: Instruktor gr 3 | H3: {{instructor_3_name}}
A4: 4 | B4: 46178 | G4: Instruktor gr 4 | H4: {{instructor_4_name}}
A5: 5 | B5: 46179 | G5: Instruktor gr 5 | H5: Bartosz Supiński
A6: 6 | B6: 46180 | G6: Psycholog | H6: Emilia Wyszołek
G9: MIEJSCE KURSU | H9: 12-200 Pisz, ul. Wąglicka 1
G10: MIEJSCE EGZAMINU

Sheet DANE_KURSANTÓW
A1: LP. | B1: Email | C1: Nazwisko | D1: Imiona | E1: Tel. | F1: Pesel | G1: Adres | H1: Zaliczka | I1: Wpłata na kursie
A2: 1
A3: 2
A4: 3
A5: 4
A6: 5
A7: 6
A8: 7
A9: 8
A10: 9
A11: 10
A12: 11
A13: 12
... A31: 30

Sheet 1
B1: Data | C1: Godzina kursu | D1: Godzina | E1: Grupa 1 | F1: Grupa 2 | G1: Grupa 3 | H1: Grupa 4 | I1: Grupa 5 | J1: Miejsce realizacji zajęć
B2: {{course_days.0}} | C2: 1 | D2: 8:00-9:00 | E2: Bezpieczeństwo własne, poszkodowanego, miejsca zdarzenia. (wykład) | J2: (miejscowość, ulica, nr lokalu/nazwa instytucji, nr sali)
D3: Instruktor | E3: {{instructor_1_name}}
C4: 2 | D4: 9:05-10:05 | E4: Bezpieczeństwo własne, poszkodowanego, miejsca zdarzenia. (wykład)
D5: Instruktor | E5: {{instructor_1_name}} | J5: {{ address }}
C6: 3 | D6: 10:10-11:10 | E6: Organizacja ratownictwa medycznego – podstawy prawne. (wykład)
D7: Instruktor | E7: {{instructor_1_name}}
C8: 4 | D8: 11:15-12:15 | E8: Poszkodowanay nieprzytomny. (wykład)
D9: Instruktor | E9: {{instructor_1_name}}
C10: 5 | D10: 12:20-13:20 | E10: Zestawy ratownicze, dezynfekcja sprzętu. (wykład)
D11: Instruktor | E11: {{instructor_1_name}}
C12: 6 | D12: 13:25-14:25 | E12: Zestawy ratownicze, dezynfekcja sprzętu. (wykład)
D13: Instruktor | E13: {{instructor_1_name}}
D14: 14:30-15:30 | E14: Przerwa
C16: 7 | D16: 15:35-16:35 | E16: Elementy anatomii i fizjologii, ocena poszkodowanego, badanie wstępne oraz szczegółowe. (wykład)
D17: Instruktor | E17: {{instructor_1_name}}
C18: 8 | D18: 16:40-17:40 | E18: Elementy anatomii i fizjologii, ocena poszkodowanego, badanie wstępne oraz szczegółowe. (wykład)
D19: Instruktor | E19: {{instructor_1_name}}
C20: 9 | D20: 17:45-18:45 | E20: Urazy mechaniczne i obrażenia –złamania, zwichnięcia, skręcenia, krwotoki, obrażenia klatki piersiowej, brzucha, kręgosłupa, głowy i kończyn. (wykład)
D21: Instruktor | E21: {{instructor_1_name}}
C22: 10 | D22: 18:50-19:50 | E22: Urazy mechaniczne i obrażenia –złamania, zwichnięcia, skręcenia, krwotoki, obrażenia klatki piersiowej, brzucha, kręgosłupa, głowy i kończyn. (wykład)
D23: Instruktor | E23: {{instructor_1_name}}
C24: 11 | D24: 19:55-20:55 | E24: Urazy mechaniczne i obrażenia –złamania, zwichnięcia, skręcenia, krwotoki, obrażenia klatki piersiowej, brzucha, kręgosłupa, głowy i kończyn. (wykład)
D25: Instruktor | E25: {{instructor_1_name}}
D27: Legenda:

Sheet 2
B1: Data | C1: Godzina kursu | D1: Godzina | E1: Grupa 1 | F1: Grupa 2 | G1: Grupa 3 | H1: Grupa 4 | I1: Grupa 5 | J1: Miejsce realizacji zajęć
B2: {{course_days.1}} | C2: 12 | D2: 8:00-9:00 | E2: Urazy chemiczne, termiczne, elektryczne i obrażenia, zagrożenia środowiskowe, akty terroru. (wykład) | J2: (miejscowość, ulica, nr lokalu/nazwa instytucji, nr sali)
D3: Instruktor | E3: {{instructor_1_name}} | J3: {{ address }}
C4: 13 | D4: 9:05-10:05 | E4: Urazy chemiczne, termiczne, elektryczne i obrażenia, zagrożenia środowiskowe, akty terroru. (wykład)
D5: Instruktor | E5: {{instructor_1_name}}
C6: 14 | D6: 10:10-11:10 | E6: Ewakuacja ze strefy zagrożenia. (wykład)
D7: Instruktor | E7: {{instructor_1_name}}
C8: 15 | D8: 11:15-12:15 | E8: Ewakuacja ze strefy zagrożenia. (wykład)
D9: Instruktor | E9: {{instructor_1_name}}
C10: 16 | D10: 12:20-13:20 | E10: Inne stany nagłe - drgawki, cukrzyca, zawał mięśnia sercowego, udar mózgowy, zatrucia podtopienia.
D11: Instruktor | E11: {{instructor_1_name}}
C12: 17 | D12: 13:25-14:25 | E12: Inne stany nagłe - drgawki, cukrzyca, zawał mięśnia sercowego, udar mózgowy, zatrucia podtopienia.
D13: Instruktor | E13: {{instructor_1_name}}
D14: 14:30-15:30 | E14: Przerwa
C16: 18 | D16: 15:35-16:35 | E16: Wstrząs. (wykład)
D17: Instruktor | E17: {{instructor_1_name}}
C18: 19 | D18: 16:40-17:40 | E18: Wstrząs. (wykład)
D19: Instruktor | E19: {{instructor_1_name}}
C20: 20 | D20: 17:45-18:45 | E20: Resuscytacja (dorosły, dziecko, niemowlę, noworodek, sytuacje szczególne). (wykład)
D21: Instruktor | E21: {{instructor_1_name}}
C22: 21 | D22: 18:50-19:50 | E22: Resuscytacja (dorosły, dziecko, niemowlę, noworodek, sytuacje szczególne). (wykład)
D23: Instruktor | E23: {{instructor_1_name}}
C24: 22 | D24: 19:55-20:55 | E24: Zasady defibrylacji poszkodowanego metodą półautomatyczn a i automatyczną. (wykład)
D25: Instruktor | E25: {{instructor_1_name}}
D27: Legenda:

Sheet 3
B1: Data | C1: Godzina kursu | D1: Godzina | E1: Grupa 1 | F1: Grupa 2 | G1: Grupa 3 | H1: Grupa 4 | I1: Grupa 5 | J1: Miejsce realizacji zajęć
B2: {{course_days.2}} | C2: 23 | D2: 8:00-9:00 | E2: Zestawy ratownicze, dezynfekcja sprzętu (ćwiczenia) | J2: (miejscowość, ulica, nr lokalu/nazwa instytucji, nr sali)
D3: Instruktor | E3: {{instructor_1_name}} | F3: {{instructor_2_name}} | G3: {{instructor_3_name}} | H3: {{instructor_4_name}} | I3: =DANE_PODSTAWOWE!H5 -> Bartosz Supiński | J3: {{ address }}
C4: 24 | D4: 9:05-10:05 | E4: Zestawy ratownicze, dezynfekcja sprzętu (ćwiczenia)
D5: Instruktor | E5: {{instructor_1_name}} | F5: {{instructor_2_name}} | G5: {{instructor_3_name}} | H5: {{instructor_4_name}} | I5: =I3 -> Bartosz Supiński
C6: 25 | D6: 10:10-11:10 | E6: Zestawy ratownicze, dezynfekcja sprzętu (ćwiczenia)
D7: Instruktor | E7: {{instructor_1_name}} | F7: {{instructor_2_name}} | G7: {{instructor_3_name}} | H7: {{instructor_4_name}} | I7: =I3 -> Bartosz Supiński
C8: 26 | D8: 11:15-12:15 | E8: Bezpieczeństwo własne, poszkodowanego, miejsca zdarzenia. (ćwiczenia)
D9: Instruktor | E9: {{instructor_1_name}} | F9: {{instructor_2_name}} | G9: {{instructor_3_name}} | H9: {{instructor_4_name}} | I9: =I3 -> Bartosz Supiński
C10: 27 | D10: 12:20-13:20 | E10: Elementy anatomii i fizjologii, ocena poszkodowanego, badanie wstępne oraz szczegółowe. (ćwiczenia)
D11: Instruktor | E11: {{instructor_1_name}} | F11: {{instructor_2_name}} | G11: {{instructor_3_name}} | H11: {{instructor_4_name}} | I11: =I3 -> Bartosz Supiński
C12: 28 | D12: 13:25-14:25 | E12: Elementy anatomii i fizjologii, ocena poszkodowanego, badanie wstępne oraz szczegółowe. (ćwiczenia)
D13: Instruktor | E13: {{instructor_1_name}} | F13: {{instructor_2_name}} | G13: {{instructor_3_name}} | H13: {{instructor_4_name}} | I13: =I3 -> Bartosz Supiński
D14: 14:30-15:30 | E14: Przerwa
C16: 29 | D16: 15:35-16:35 | E16: Ewakuacja ze strefy zagrożenia. (ćwiczenia)
D17: Instruktor | E17: {{instructor_1_name}} | F17: {{instructor_2_name}} | G17: {{instructor_3_name}} | H17: {{instructor_4_name}} | I17: =I3 -> Bartosz Supiński
C18: 30 | D18: 16:40-17:40 | E18: Ewakuacja ze strefy zagrożenia. (ćwiczenia)
D19: Instruktor | E19: {{instructor_1_name}} | F19: {{instructor_2_name}} | G19: {{instructor_3_name}} | H19: {{instructor_4_name}} | I19: =I3 -> Bartosz Supiński
C20: 31 | D20: 17:45-18:45 | E20: Poszkodowany nieprzytomny. (ćwiczenia)
D21: Instruktor | E21: {{instructor_1_name}} | F21: {{instructor_2_name}} | G21: {{instructor_3_name}} | H21: {{instructor_4_name}} | I21: =I3 -> Bartosz Supiński
C22: 32 | D22: 18:50-19:50 | E22: Resuscytacja (dorosły, dziecko, niemowlę, noworodek, sytuacje szczególne). (ćwiczenia)
D23: Instruktor | E23: {{instructor_1_name}} | F23: {{instructor_2_name}} | G23: {{instructor_3_name}} | H23: {{instructor_4_name}} | I23: =I3 -> Bartosz Supiński
C24: 33 | D24: 19:55-20:55 | E24: Zasady defibrylacji poszkodowanego metodą półautomatyczn a i automatyczną. (ćwiczenia)
D25: Instruktor | E25: {{instructor_1_name}} | F25: {{instructor_2_name}} | G25: {{instructor_3_name}} | H25: {{instructor_4_name}} | I25: =I3 -> Bartosz Supiński
B26: ,

Sheet 4
B1: Data | C1: Godzina kursu | D1: Godzina | E1: Grupa 1 | F1: Grupa 2 | G1: Grupa 3 | H1: Grupa 4 | I1: Grupa 5 | J1: Miejsce realizacji zajęć
B2: {{course_days.3}} | C2: 34 | D2: 8:00-9:00 | E2: Psychologiczne aspekty wsparcia poszkodowanych. (wykład) Emilia Wyszołek | J2: (miejscowość, ulica, nr lokalu/nazwa instytucji, nr sali)
D3: Instruktor | E3: {{psychologist}} | J3: {{ address }}
C4: 35 | D4: 9:05-10:05 | E4: Psycholog (ćwiczenia) | F4: RKO (ćwiczenia) | G4: RKO (ćwiczenia) | H4: RKO (ćwiczenia) | I4: RKO (ćwiczenia)
D5: Instruktor | E5: {{psychologist}} | F5: {{instructor_2_name}} | G5: {{instructor_3_name}} | H5: {{instructor_4_name}} | I5: =DANE_PODSTAWOWE!H5 -> Bartosz Supiński
C6: 36 | D6: 10:10-11:10 | E6: Psycholog (ćwiczenia) | F6: RKO (ćwiczenia) | G6: RKO (ćwiczenia) | H6: RKO (ćwiczenia) | I6: RKO (ćwiczenia)
D7: Instruktor | E7: {{psychologist}} | F7: {{instructor_2_name}} | G7: {{instructor_3_name}} | H7: {{instructor_4_name}} | I7: =I5 -> Bartosz Supiński
C8: 37 | D8: 11:15-12:15 | E8: RKO (ćwiczenia) | F8: Psycholog (ćwiczenia) | G8: RKO (ćwiczenia) | H8: RKO (ćwiczenia) | I8: RKO (ćwiczenia)
D9: Instruktor | E9: {{instructor_1_name}} | F9: {{psychologist}} | G9: {{instructor_3_name}} | H9: {{instructor_4_name}} | I9: =I5 -> Bartosz Supiński
C10: 38 | D10: 12:20-13:20 | E10: RKO (ćwiczenia) | F10: Psycholog (ćwiczenia) | G10: RKO (ćwiczenia) | H10: RKO (ćwiczenia) | I10: RKO (ćwiczenia)
D11: Instruktor | E11: {{instructor_1_name}} | F11: {{psychologist}} | G11: {{instructor_3_name}} | H11: {{instructor_4_name}} | I11: =I5 -> Bartosz Supiński
C12: 39 | D12: 13:25-14:25 | E12: RKO (ćwiczenia) | F12: RKO (ćwiczenia) | G12: Psycholog (ćwiczenia) | H12: RKO (ćwiczenia) | I12: Urazy
D13: Instruktor | E13: {{instructor_1_name}} | F13: {{instructor_2_name}} | G13: {{psychologist}} | H13: {{instructor_4_name}} | I13: =I5 -> Bartosz Supiński
D14: 14:30-15:30 | E14: Przerwa
C16: 40 | D16: 15:35-16:35 | E16: Urazy | F16: Urazy | G16: Psycholog (ćwiczenia) | H16: Urazy | I16: Urazy
D17: Instruktor | E17: {{instructor_1_name}} | F17: {{instructor_2_name}} | G17: {{psychologist}} | H17: {{instructor_4_name}} | I17: =I5 -> Bartosz Supiński
C18: 41 | D18: 16:40-17:40 | E18: Urazy | F18: Urazy | G18: Urazy | H18: Psycholog (ćwiczenia) | I18: RKO (ćwiczenia)
D19: Instruktor | E19: {{instructor_1_name}} | F19: {{instructor_2_name}} | G19: {{instructor_3_name}} | H19: {{psychologist}} | I19: =I5 -> Bartosz Supiński
C20: 42 | D20: 17:45-18:45 | E20: Urazy | F20: RKO (ćwiczenia) | G20: Urazy | H20: Psycholog (ćwiczenia) | I20: Urazy
D21: Instruktor | E21: {{instructor_1_name}} | F21: {{instructor_2_name}} | G21: {{instructor_3_name}} | H21: {{psychologist}} | I21: =I5 -> Bartosz Supiński
C22: 43 | D22: 18:50-19:50 | E22: RKO (ćwiczenia) | F22: Urazy | G22: RKO (ćwiczenia) | H22: Urazy | I22: Psycholog (ćwiczenia)
D23: Instruktor | E23: {{instructor_1_name}} | F23: {{instructor_2_name}} | G23: {{instructor_3_name}} | H23: {{instructor_4_name}} | I23: =E5 -> {{psychologist}}
C24: 44 | D24: 19:55-20:55 | E24: RKO (ćwiczenia) | F24: RKO | G24: Urazy | H24: Urazy | I24: Psycholog (ćwiczenia)
D25: Instruktor | E25: {{instructor_1_name}} | F25: {{instructor_2_name}} | G25: {{instructor_3_name}} | H25: {{instructor_4_name}} | I25: =E5 -> {{psychologist}}
B26: ,
D27: Legenda: | E27: RKO - Resuscytacja (dorosły, dziecko, niemowlę, noworodek, sytuacje szczególne). (ćwiczenia)
E29: Urazy - Urazy mechaniczne i obrażenia - złamania, zwichnięcia, skręcenia, krwotoki, obrażenia klatki piersiowej, brzucha, kręgosłupa, głowy i kończyn. (ćwiczenia)
E31: Psycholog - Psychologiczne aspekty wsparcia poszkodowanych.

Sheet 5
B1: Data | C1: Godzina kursu | D1: Godzina | E1: Grupa 1 | F1: Grupa 2 | G1: Grupa 3 | H1: Grupa 4 | I1: Grupa 5 | J1: Miejsce realizacji zajęć
B2: {{course_days.4}} | C2: 45 | D2: 8:00-9:00 | E2: Urazy mechaniczne i obrażenia - złamania, zwichnięcia, skręcenia, krwotoki, obrażenia klatki piersiowej, brzucha, kręgosłupa, głowy i kończyn. (ćwiczenia) | J2: (miejscowość, ulica, nr lokalu/nazwa instytucji, nr sali)
D3: Instruktor | E3: {{instructor_1_name}} | F3: {{instructor_2_name}} | G3: {{instructor_3_name}} | H3: {{instructor_4_name}} | I3: =DANE_PODSTAWOWE!H5 -> Bartosz Supiński | J3: {{ address }}
C4: 46 | D4: 9:05-10:05 | E4: Urazy mechaniczne i obrażenia - złamania, zwichnięcia, skręcenia, krwotoki, obrażenia klatki piersiowej, brzucha, kręgosłupa, głowy i kończyn. (ćwiczenia)
D5: Instruktor | E5: {{instructor_1_name}} | F5: {{instructor_2_name}} | G5: {{instructor_3_name}} | H5: {{instructor_4_name}} | I5: =I3 -> Bartosz Supiński
C6: 47 | D6: 10:10-11:10 | E6: Taktyka działań ratowniczych - zdarzenie masowe, mnogie, pojedyńcze, segregacja wstępna, karta udzielonej pomocy, logistyka. (wykład)
D7: Instruktor | E7: {{instructor_1_name}}
C8: 48 | D8: 11:15-12:15 | E8: Taktyka działań ratowniczych - zdarzenie masowe, mnogie, pojedyńcze, segregacja wstępna, karta udzielonej pomocy, logistyka. (wykład)
D9: Instruktor | E9: {{instructor_1_name}}
C10: 49 | D10: 12:20-13:20 | E10: Taktyka działań ratowniczych - zdarzenie masowe, mnogie, pojedyńcze, segregacja wstępna, karta udzielonej pomocy, logistyka. (ćwiczenia)
D11: Instruktor | E11: {{instructor_1_name}} | F11: {{instructor_2_name}} | G11: {{instructor_3_name}} | H11: {{instructor_4_name}} | I11: =I3 -> Bartosz Supiński
C12: 50 | D12: 13:25-14:25 | E12: Taktyka działań ratowniczych - zdarzenie masowe, mnogie, pojedyńcze, segregacja wstępna, karta udzielonej pomocy, logistyka. (ćwiczenia)
D13: Instruktor | E13: {{instructor_1_name}} | F13: {{instructor_2_name}} | G13: {{instructor_3_name}} | H13: {{instructor_4_name}} | I13: =I3 -> Bartosz Supiński
D14: 14:30-15:30 | E14: Przerwa
C16: 51 | D16: 15:35-16:35 | E16: Taktyka działań ratowniczych - zdarzenie masowe, mnogie, pojedyńcze, segregacja wstępna, karta udzielonej pomocy, logistyka. (ćwiczenia)
D17: Instruktor | E17: {{instructor_1_name}} | F17: {{instructor_2_name}} | G17: {{instructor_3_name}} | H17: {{instructor_4_name}} | I17: =I3 -> Bartosz Supiński
C18: 52 | D18: 16:40-17:40 | E18: Taktyka działań ratowniczych - zdarzenie masowe, mnogie, pojedyńcze, segregacja wstępna, karta udzielonej pomocy, logistyka. (ćwiczenia)
D19: Instruktor | E19: {{instructor_1_name}} | F19: {{instructor_2_name}} | G19: {{instructor_3_name}} | H19: {{instructor_4_name}} | I19: =I3 -> Bartosz Supiński
C20: 53 | D20: 17:45-18:45 | E20: Urazy chemiczne, termiczne, elektryczne i obrażenia, zagrożenia środowiskowe, akty terroru. (ćwiczenia)
D21: Instruktor | E21: {{instructor_1_name}} | F21: {{instructor_2_name}} | G21: {{instructor_3_name}} | H21: {{instructor_4_name}} | I21: =I3 -> Bartosz Supiński
C22: 54 | D22: 18:50-19:50 | E22: Urazy mechaniczne i obrażenia - złamania, zwichnięcia, skręcenia, krwotoki, obrażenia klatki piersiowej, brzucha, kręgosłupa, głowy i kończyn. (ćwiczenia)
D23: Instruktor | E23: {{instructor_1_name}} | F23: {{instructor_2_name}} | G23: {{instructor_3_name}} | H23: =H21 -> {{instructor_4_name}} | I23: =I21 -> Bartosz Supiński
C24: 55 | D24: 19:55-20:55 | E24: Urazy mechaniczne i obrażenia - złamania, zwichnięcia, skręcenia, krwotoki, obrażenia klatki piersiowej, brzucha, kręgosłupa, głowy i kończyn. (ćwiczenia)
D25: Instruktor | E25: {{instructor_1_name}} | F25: {{instructor_2_name}} | G25: {{instructor_3_name}} | H25: {{instructor_4_name}} | I25: =I3 -> Bartosz Supiński
B26: ,

Sheet 6
B1: Data | C1: Godzina kursu | D1: Godzina | E1: Grupa 1 | F1: Grupa 2 | G1: Grupa 3 | H1: Grupa 4 | I1: Grupa 5 | J1: Miejsce realizacji zajęć
B2: {{course_days.5}} | C2: 56 | D2: 7:00-8:00 | E2: Resucytacja (dorosły, dziecko, niemowlę, noworodek, sytuacje szczególne). (ćwiczenia) | J2: (miejscowość, ulica, nr lokalu/nazwa instytucji, nr sali)
D3: Instruktor | E3: {{instructor_1_name}} | F3: {{instructor_2_name}} | G3: {{instructor_3_name}} | H3: {{instructor_4_name}} | I3: =DANE_PODSTAWOWE!H5 -> Bartosz Supiński | J3: {{ address }}
C4: 57 | D4: 8:05-9:05 | E4: Resucytacja (dorosły, dziecko, niemowlę, noworodek, sytuacje szczególne). (ćwiczenia)
D5: Instruktor | E5: {{instructor_1_name}} | F5: {{instructor_2_name}} | G5: {{instructor_3_name}} | H5: {{instructor_4_name}} | I5: =I3 -> Bartosz Supiński
C6: 58 | D6: 9:10-10:10 | E6: Zasady defibrylacje poszkodowanego metodą półautomatyczną i automatyczną. (ćwiczenia)
D7: Instruktor | E7: {{instructor_1_name}} | F7: {{instructor_2_name}} | G7: {{instructor_3_name}} | H7: {{instructor_4_name}} | I7: =I3 -> Bartosz Supiński
C8: 59 | D8: 10:15-11:15 | E8: Urazy mechaniczne i obrażenia - złamania, zwichnięcia, skręcenia, krwotoki, obrażenia klatki piersiowej, brzucha, kręgosłupa, głowy i kończyn. (ćwiczenia)
D9: Instruktor | E9: {{instructor_1_name}} | F9: {{instructor_2_name}} | G9: {{instructor_3_name}} | H9: {{instructor_4_name}} | I9: =I3 -> Bartosz Supiński
C10: 60 | D10: 11:20-12:20 | E10: Udzielanie kwalifikowanej pierwszej pomocy. (ćwiczenia)
D11: Instruktor | E11: {{instructor_1_name}} | F11: {{instructor_2_name}} | G11: {{instructor_3_name}} | H11: {{instructor_4_name}} | I11: =I3 -> Bartosz Supiński
C12: 61 | D12: 12:25-13:25 | E12: Udzielanie kwalifikowanej pierwszej pomocy. (ćwiczenia)
D13: Instruktor | E13: {{instructor_1_name}} | F13: {{instructor_2_name}} | G13: {{instructor_3_name}} | H13: {{instructor_4_name}} | I13: =I3 -> Bartosz Supiński
D14: 13:30-14:30 | E14: Przerwa
C16: 62 | D16: 14:35-15:35 | E16: Udzielanie kwalifikowanej pierwszej pomocy. (ćwiczenia)
D17: Instruktor | E17: {{instructor_1_name}} | F17: {{instructor_2_name}} | G17: {{instructor_3_name}} | H17: {{instructor_4_name}} | I17: =I3 -> Bartosz Supiński
C18: 63 | D18: 15:40-16:40 | E18: Udzielanie kwalifikowanej pierwszej pomocy. (ćwiczenia)
D19: Instruktor | E19: {{instructor_1_name}} | F19: {{instructor_2_name}} | G19: {{instructor_3_name}} | H19: {{instructor_4_name}} | I19: =I3 -> Bartosz Supiński
C20: 64 | D20: 16:45-17:45 | E20: Udzielanie kwalifikowanej pierwszej pomocy. (ćwiczenia)
D21: Instruktor | E21: {{instructor_1_name}} | F21: {{instructor_2_name}} | G21: {{instructor_3_name}} | H21: {{instructor_4_name}} | I21: =I3 -> Bartosz Supiński
C22: 65 | D22: 17:50-18:50 | E22: Udzielanie kwalifikowanej pierwszej pomocy. (ćwiczenia)
D23: Instruktor | E23: {{instructor_1_name}} | F23: {{instructor_2_name}} | G23: {{instructor_3_name}} | H23: {{instructor_4_name}} | I23: =I3 -> Bartosz Supiński
C24: 66 | D24: 18:55-19:55 | E24: Udzielanie kwalifikowanej pierwszej pomocy. (ćwiczenia)
D25: Instruktor | E25: {{instructor_1_name}} | F25: {{instructor_2_name}} | G25: {{instructor_3_name}} | H25: {{instructor_4_name}} | I25: =I3 -> Bartosz Supiński

Sheet LISTA_OBECNOŚCI
B1: …............................................…...........................................................................................................................
B3: Nazwisko i Imię
A4: dzień | B4: data | C4: 1h | D4: 2h | E4: 3h | F4: 4h | G4: 5h | H4: 6h | I4: 7h | J4: 8h | K4: 9h | L4: 10h | M4: 11h | N4: godzina zajęć
A5: I | B5: =DANE_PODSTAWOWE!B1 -> 46171 | C5: 1 | D5: 2 | E5: 3 | F5: 4 | G5: 5 | H5: 6 | I5: 7 | J5: 8 | K5: 9 | L5: 10 | M5: 11
A6: II | B6: =DANE_PODSTAWOWE!B2 -> 46172 | C6: 12 | D6: 13 | E6: 14 | F6: 15 | G6: 16 | H6: 17 | I6: 18 | J6: 19 | K6: 20 | L6: 21 | M6: 22
A7: III | B7: =DANE_PODSTAWOWE!B3 -> 46173 | C7: 23 | D7: 24 | E7: 25 | F7: 26 | G7: 27 | H7: 28 | I7: 29 | J7: 30 | K7: 31 | L7: 32 | M7: 33
A8: IV | B8: =DANE_PODSTAWOWE!B4 -> 46178 | C8: 34 | D8: 35 | E8: 36 | F8: 37 | G8: 38 | H8: 39 | I8: 40 | J8: 41 | K8: 42 | L8: 43 | M8: 44
A9: V | B9: =DANE_PODSTAWOWE!B5 -> 46179 | C9: 45 | D9: 46 | E9: 47 | F9: 48 | G9: 49 | H9: 50 | I9: 51 | J9: 52 | K9: 53 | L9: 54 | M9: 55
A10: VI | B10: =DANE_PODSTAWOWE!B6 -> 46180 | C10: 56 | D10: 57 | E10: 58 | F10: 59 | G10: 60 | H10: 61 | I10: 62 | J10: 63 | K10: 64 | L10: 65 | M10: 66
A11: Egzamin | B11: =B10 -> 46180 | N11: EGZAMIN
A13: 1. Zapoznałem się z harmonogram zajęć, programem nauczania zgodnymi z Ustawą z dnia 8 września 2006 r. o Państwowym Ratownictwie Medycznym (Dz. U. z dnia 20 październik 2006r. Nr 191, póz. 1410) orazObwieszczenie Ministra Zdrowia z dnia 24 lutego 2021 r. w sprawie ogłoszenia jednolitego tekstu rozporządzenia Ministra Zdrowia w sprawie kursu w zakresie kwalifikowanej pierwszej pomocy (tj. Dz.U. 2021 poz. 411)
G17: =B5 -> 46171 | H17: …............................................…............................................................................................
A19: 2.Potwierdzam odbiór materiałów dydaktycznych otrzymanych drogą mailową
G21: =B5 -> 46171 | H21: …............................................…............................................................................................
A22: 3. Wyrażam zgodę na nieodpłatną i nieograniczoną czasowo i miejscowo publikację i rozpowszechnianie mojego wizerunku(na zdjęciach wykonanych podczas kursu KPP) przez Administratora Danych Osobowych, którym jest Firma Mc Med, dla celów marketingowych (w tym promocyjnych i reklamowych) związanych z działalnością Administratora danych osobowych.
G23: =B5 -> 46171 | H23: …............................................…............................................................................................
A25: 4. Na podstawie art. 6 ust. 1 lit. a wyrażam zgodę na przetwarzanie danych osobowych w świetle Rozporządzenia Parlamentu Europejskiego i Rady (UE) 2016/679 z dnia 27 kwietnia 2016 r. w sprawie ochrony osób fizycznych w związku z przetwarzaniem danych osobowych i w sprawie swobodnego przepływu takich danych oraz uchylenia dyrektywy 95/46/WE (ogólne rozporządzenie o ochronie danych – RODO, Dz. U. UE. L. 2016.119.1 z dnia 4 maja 2016 r.) zawartych w przedstawionych przeze mnie dokumentach dla potrzeb niezbędnych do celów związanych z procedurą przeprowadzenia kursu kwalifikowanej pierwszej pomocy. Firma Mc Med posiada obowiązek przechowywania dokumentacji związanej z kursem KPP przez okres 5 lat. Po tym okresie wszelkie dane osobowe oraz dokumentajca kursu zostanie zniszczona zgoddnie z należytą starannością by niedpuścić do wycieku danych osobowych. Administrator danych osobowych zastrzega sobie możliwość usunięcia danych osobowych na pisemny wniosek ich właściciela lub obligatoryjnie w okresie 5 lat od dnia egzaminu.
G30: =B5 -> 46171 | H30: …............................................…............................................................................................
